comment_id,submission_id,author,created_utc,score,search_query,subreddit
lzq77gk,1h3dikb,None,2024-11-30T16:02:07,1,trump,politics
lzq7dxe,1h3dikb,None,2024-11-30T16:03:11,1,trump,politics
lzpus4w,1h3dikb,None,2024-11-30T14:45:42,1,trump,politics
lzptdr5,1h3dikb,None,2024-11-30T14:36:15,1,trump,politics
lzqed2e,1h3dikb,None,2024-11-30T16:43:04,1,trump,politics
lzqitoo,1h3dikb,None,2024-11-30T17:08:05,1,trump,politics
lzqsvxl,1h3dikb,None,2024-11-30T18:03:03,1,trump,politics
lzql1e4,1h3dikb,None,2024-11-30T17:20:20,1,trump,politics
lzr0id3,1h3dikb,None,2024-11-30T18:43:22,1,trump,politics
lzri14m,1h3dikb,None,2024-11-30T20:18:10,1,trump,politics
lzr7fxr,1h3fg11,None,2024-11-30T19:21:12,1,trump,politics
lzrfk0y,1h3k11m,None,2024-11-30T20:04:35,1,trump,politics
lzrb067,1h3k11m,None,2024-11-30T19:40:01,1,trump,politics
lzrlz3s,1h3k11m,None,2024-11-30T20:39:04,1,trump,politics
lzppik1,1h3ccnn,None,2024-11-30T14:09:21,-20,trump,politics
lzpjr3z,1h3ccnn,None,2024-11-30T13:26:21,52,trump,politics
lzplloq,1h3ccnn,None,2024-11-30T13:40:32,-47,trump,politics
lzm827w,1h2u232,None,2024-11-29T21:19:29,-2,trump,politics
lzm9773,1h2u232,None,2024-11-29T21:26:05,0,trump,politics
lzn4i9u,1h2shm6,None,2024-11-30T00:40:11,0,trump,politics
lzkit3a,1h2kd5x,None,2024-11-29T15:26:26,-4,biden,politics
lzk90t6,1h2kd5x,None,2024-11-29T14:23:09,-19,biden,politics
lzlqjze,1h2kd5x,None,2024-11-29T19:37:33,-9,biden,politics
lzna3d4,1h2kd5x,None,2024-11-30T01:17:57,-8,biden,politics
lzjt3y8,1h2kd5x,None,2024-11-29T12:20:02,44,biden,politics
lzk92wp,1h2kd5x,None,2024-11-29T14:23:33,0,biden,politics
lzm9f0a,1h2kd5x,None,2024-11-29T21:27:22,1,biden,politics
lzmaeey,1h2kd5x,None,2024-11-29T21:33:00,0,biden,politics
lzmbuhz,1h2kd5x,None,2024-11-29T21:41:25,0,biden,politics
lzfwp2b,1h20971,None,2024-11-28T18:19:01,-11,biden,politics
lzgg1y8,1h20971,None,2024-11-28T20:07:11,5,biden,politics
lzb59it,1h1dtnl,None,2024-11-27T21:39:50,66,biden,politics
lzbwr2d,1h1dtnl,None,2024-11-28T00:22:16,-7,biden,politics
lzboxcq,1h1dtnl,None,2024-11-27T23:32:34,-85,biden,politics
lzbhbwe,1h1dtnl,None,2024-11-27T22:46:14,-17,biden,politics
lzc69zw,1h1dtnl,None,2024-11-28T01:23:06,1,biden,politics
lzcq49v,1h1dtnl,None,2024-11-28T03:33:48,1,biden,politics
lz49eug,1h0ie1j,None,2024-11-26T18:55:02,130,biden,politics
lz4jkkh,1h0ie1j,None,2024-11-26T19:47:01,-282,biden,politics
lz4m64p,1h0ie1j,None,2024-11-26T20:00:14,79,biden,politics
lz74wky,1h0ux9y,None,2024-11-27T05:06:26,-9,kamala,politics
lz7563h,1h0ux9y,None,2024-11-27T05:08:32,0,kamala,politics
lz76phj,1h0ux9y,None,2024-11-27T05:21:04,57,kamala,politics
lxnl45d,1gtgx3m,None,2024-11-17T21:29:36,-39,kamala,politics
lxozae5,1gtgx3m,None,2024-11-18T02:22:10,2,kamala,politics
lxp6z5o,1gtgx3m,None,2024-11-18T03:10:23,1,kamala,politics
lxr849s,1gtgx3m,None,2024-11-18T13:57:09,1,kamala,politics
lxo5wow,1gtgx3m,None,2024-11-17T23:26:40,-3,kamala,politics
lxo440o,1gtgx3m,None,2024-11-17T23:16:09,-25,kamala,politics
lxo5q40,1gtgx3m,None,2024-11-17T23:25:37,-19,kamala,politics
lx4tuxf,1grce1p,None,2024-11-14T19:19:41,-76,kamala,politics
lx4v4wk,1grce1p,None,2024-11-14T19:26:07,-55,kamala,politics
lx4wgy2,1grce1p,None,2024-11-14T19:32:53,-32,kamala,politics
lwknzza,1goqyau,None,2024-11-11T13:02:26,-52,kamala,politics
lwlg0g7,1goqyau,None,2024-11-11T15:52:11,-6,kamala,politics
lwtdnfi,1gpvo7c,None,2024-11-12T21:42:24,34,kamala,politics
lwtovsv,1gpvo7c,None,2024-11-12T22:41:12,3,kamala,politics
lwt93h3,1gpvo7c,None,2024-11-12T21:16:54,7,kamala,politics
lwwmcep,1gpvo7c,None,2024-11-13T12:17:30,1,kamala,politics
lwtjjyc,1gpvo7c,None,2024-11-12T22:12:43,-31,kamala,politics
luxh9gv,1gh3tqc,None,2024-11-01T22:14:42,-5,guns,politics
luylz8s,1gh3tqc,None,2024-11-02T02:31:20,-8,guns,politics
luufjy8,1gh3tqc,None,2024-11-01T12:12:19,-73,guns,politics
luwlwzt,1gh3tqc,None,2024-11-01T19:23:20,1,guns,politics
luvcrfw,1gh3tqc,None,2024-11-01T15:28:13,-2,guns,politics
luuyx4z,1gh3tqc,None,2024-11-01T14:13:22,-5,guns,politics
luuz07p,1gh3tqc,None,2024-11-01T14:13:51,-4,guns,politics
lux32w4,1gh3tqc,None,2024-11-01T20:54:46,-1,guns,politics
luzvi8e,1gh3tqc,None,2024-11-02T10:08:55,0,guns,politics
luutk8s,1gh3tqc,None,2024-11-01T13:43:08,-1,guns,politics
lv2jes1,1gh3tqc,None,2024-11-02T20:09:00,1,guns,politics
luutcsq,1gh3tqc,None,2024-11-01T13:41:56,-8,guns,politics
luuvoku,1gh3tqc,None,2024-11-01T13:55:11,-1,guns,politics
luuvfdv,1gh3tqc,None,2024-11-01T13:53:45,0,guns,politics
lv41szk,1gh3tqc,None,2024-11-03T01:28:22,1,guns,politics
luuxkfj,1gh3tqc,None,2024-11-01T14:05:51,1,guns,politics
lv8s031,1gh3tqc,None,2024-11-03T21:15:04,1,guns,politics
luyiprb,1gh3tqc,None,2024-11-02T02:08:56,-1,guns,politics
luwspx2,1gh3tqc,None,2024-11-01T19:59:19,0,guns,politics
luuzq8w,1gh3tqc,None,2024-11-01T14:17:50,-5,guns,politics
lz8lrha,1h12csm,None,2024-11-27T13:27:37,2,covid,politics
lz8xnii,1h12csm,None,2024-11-27T14:41:58,-4,covid,politics
lzad64f,1h12csm,None,2024-11-27T19:12:31,0,covid,politics
lza17xh,1h12csm,None,2024-11-27T18:10:49,-2,covid,politics
lza7ucm,1h12csm,None,2024-11-27T18:44:54,0,covid,politics
lz8xdq4,1h0x2ca,None,2024-11-27T14:40:22,0,covid,politics
lz8oa1z,1h0x2ca,None,2024-11-27T13:44:07,-3,covid,politics
lz8keb1,1h0x2ca,None,2024-11-27T13:18:22,-9,covid,politics
lz8vs8n,1h0x2ca,None,2024-11-27T14:30:50,-4,covid,politics
lzbgxt1,1h18om2,None,2024-11-27T22:43:57,4,covid,politics
ly35hro,1gv3vzi,None,2024-11-20T12:11:05,1,covid,politics
ly3ansl,1gv3vzi,None,2024-11-20T12:50:39,1,covid,politics
lv6vq4e,1ginw12,None,2024-11-03T15:31:56,11,covid,politics
luua2c9,1gh2j4n,None,2024-11-01T11:28:52,19,covid,politics
lr39693,1fzreey,None,2024-10-09T13:44:31,-2,covid,politics
lr4xjzg,1fzreey,None,2024-10-09T19:13:02,-13,covid,politics
lr28koq,1fzmdty,None,2024-10-09T08:12:35,-40,covid,politics
lqxw3bz,1fyzhxk,None,2024-10-08T14:07:14,4,covid,politics
lqxzgty,1fyzhxk,None,2024-10-08T14:26:33,-37,covid,politics
lqysa5c,1fyzhxk,None,2024-10-08T17:02:41,-10,covid,politics
